"Symbol  ","Series  ","Date  ","Prev Close  ","Open Price  ","High Price  ","Low Price  ","Last Price  ","Close Price  ","Average Price ","Total Traded Quantity  ","Turnover ₹  ","No. of Trades  ","Deliverable Qty  ","% Dly Qt to Traded Qty  "
"RELIANCE","EQ","28-Nov-2022","2,617.60","2,608.90","2,721.05","2,502.00","2,706.00","2,707.55","2,686.06","1,45,49,929","39,08,19,53,191.85","3,22,273","67,94,072","46.69"
"RELIANCE","EQ","29-Nov-2022","2,707.55","2,703.95","2,731.65","2,694.00","2,708.35","2,712.20","2,713.16","51,03,687","13,84,71,36,356.65","2,17,704","28,52,331","55.89"
"RELIANCE","EQ","30-Nov-2022","2,712.20","2,712.50","2,745.45","2,698.20","2,733.05","2,731.35","2,727.09","1,20,75,137","32,92,99,88,867.00","2,76,976","77,80,847","64.44"
"RELIANCE","EQ","01-Dec-2022","2,731.35","2,741.80","2,755.00","2,716.00","2,725.25","2,723.30","2,738.93","43,77,696","11,99,02,09,635.60","1,77,158","25,38,726","57.99"
"RELIANCE","EQ","02-Dec-2022","2,723.30","2,730.00","2,748.00","2,700.60","2,727.00","2,722.15","2,725.02","53,48,595","14,57,50,17,227.75","2,04,222","29,99,370","56.08"
"RELIANCE","EQ","05-Dec-2022","2,722.15","2,712.00","2,716.75","2,678.00","2,682.00","2,682.45","2,694.53","68,43,367","18,43,96,68,158.05","2,27,194","48,61,671","71.04"
"RELIANCE","EQ","06-Dec-2022","2,682.45","2,665.10","2,697.00","2,661.00","2,689.45","2,690.20","2,685.66","39,66,243","10,65,19,99,752.80","1,56,158","22,04,998","55.59"
"RELIANCE","EQ","07-Dec-2022","2,690.20","2,685.00","2,695.00","2,642.15","2,647.00","2,650.50","2,665.31","39,05,263","10,40,87,39,251.40","1,58,784","24,25,575","62.11"
"RELIANCE","EQ","08-Dec-2022","2,650.50","2,660.00","2,665.00","2,640.10","2,649.00","2,649.25","2,651.78","35,79,858","9,49,29,88,488.55","1,44,130","21,90,085","61.18"
"RELIANCE","EQ","09-Dec-2022","2,649.25","2,646.00","2,660.00","2,601.85","2,609.50","2,609.10","2,627.54","58,40,633","15,34,64,88,528.00","1,72,574","39,27,269","67.24"
"RELIANCE","EQ","12-Dec-2022","2,609.10","2,585.50","2,623.00","2,585.00","2,617.00","2,613.10","2,607.23","43,74,946","11,40,65,08,900.60","1,51,760","24,39,231","55.75"
"RELIANCE","EQ","13-Dec-2022","2,613.10","2,613.10","2,633.00","2,606.70","2,622.00","2,625.00","2,622.04","38,45,839","10,08,39,40,253.45","1,36,575","21,71,219","56.46"
"RELIANCE","EQ","14-Dec-2022","2,625.00","2,637.65","2,638.95","2,611.00","2,613.50","2,615.50","2,620.85","33,54,618","8,79,19,39,261.60","1,49,123","21,35,521","63.66"
"RELIANCE","EQ","15-Dec-2022","2,615.50","2,602.50","2,615.00","2,571.00","2,580.00","2,578.35","2,590.74","40,09,765","10,38,82,61,664.65","1,75,220","26,29,878","65.59"
"RELIANCE","EQ","16-Dec-2022","2,578.35","2,571.00","2,618.80","2,558.15","2,567.90","2,565.60","2,583.46","73,08,934","18,88,23,67,676.10","2,16,883","39,95,069","54.66"
"RELIANCE","EQ","19-Dec-2022","2,565.60","2,581.00","2,604.00","2,566.70","2,603.00","2,599.30","2,582.95","35,67,363","9,21,43,19,519.75","1,74,281","18,81,722","52.75"
"RELIANCE","EQ","20-Dec-2022","2,599.30","2,583.90","2,626.00","2,566.00","2,619.95","2,621.80","2,594.80","34,46,291","8,94,24,20,886.85","1,65,894","15,67,590","45.49"
"RELIANCE","EQ","21-Dec-2022","2,621.80","2,621.00","2,633.00","2,576.10","2,583.20","2,584.50","2,601.19","39,35,463","10,23,68,89,380.75","1,42,775","16,77,915","42.64"
"RELIANCE","EQ","22-Dec-2022","2,584.50","2,598.00","2,604.65","2,566.75","2,577.00","2,577.80","2,582.55","34,38,692","8,88,05,81,065.90","1,49,770","14,90,951","43.36"
"RELIANCE","EQ","23-Dec-2022","2,577.80","2,563.30","2,590.50","2,492.25","2,508.50","2,502.20","2,540.02","47,33,657","12,02,35,88,105.45","2,31,798","20,70,781","43.75"
"RELIANCE","EQ","26-Dec-2022","2,502.20","2,514.75","2,542.00","2,492.40","2,525.00","2,524.05","2,523.81","27,64,496","6,97,70,59,265.30","1,17,927","12,25,057","44.31"
"RELIANCE","EQ","27-Dec-2022","2,524.05","2,530.00","2,548.80","2,515.25","2,542.70","2,544.70","2,534.62","26,59,749","6,74,14,52,650.05","1,38,609","12,46,382","46.86"
"RELIANCE","EQ","28-Dec-2022","2,544.70","2,538.00","2,549.80","2,521.50","2,542.00","2,544.45","2,537.68","34,42,509","8,73,59,79,365.75","1,58,888","19,08,597","55.44"
"RELIANCE","EQ","29-Dec-2022","2,544.45","2,527.00","2,548.90","2,525.50","2,544.95","2,543.30","2,536.86","31,98,493","8,11,41,44,680.25","1,24,496","16,08,415","50.29"
"RELIANCE","EQ","30-Dec-2022","2,543.30","2,545.10","2,577.00","2,541.10","2,547.00","2,547.20","2,559.73","33,64,092","8,61,11,63,857.75","1,47,642","15,57,651","46.30"
"RELIANCE","EQ","02-Jan-2023","2,547.20","2,550.00","2,579.00","2,548.20","2,577.90","2,575.90","2,564.68","24,53,414","6,29,22,10,762.05","97,175","12,51,899","51.03"
"RELIANCE","EQ","03-Jan-2023","2,575.90","2,565.05","2,573.00","2,547.80","2,555.80","2,557.05","2,558.48","35,34,596","9,04,31,99,290.70","1,35,268","18,76,879","53.10"
"RELIANCE","EQ","04-Jan-2023","2,557.05","2,557.00","2,561.05","2,514.00","2,516.65","2,518.55","2,529.71","42,75,746","10,81,63,99,502.15","1,82,754","26,33,647","61.60"
"RELIANCE","EQ","05-Jan-2023","2,518.55","2,523.50","2,536.40","2,504.00","2,521.80","2,514.05","2,516.50","62,93,519","15,83,76,39,744.30","1,97,434","43,98,483","69.89"
"RELIANCE","EQ","06-Jan-2023","2,514.05","2,526.65","2,547.95","2,518.30","2,537.00","2,536.90","2,534.90","29,30,338","7,42,81,25,091.15","1,57,118","12,77,644","43.60"
"RELIANCE","EQ","09-Jan-2023","2,536.90","2,545.30","2,602.00","2,543.35","2,594.00","2,596.80","2,582.50","49,48,549","12,77,96,28,419.65","2,54,220","31,20,482","63.06"
"RELIANCE","EQ","10-Jan-2023","2,596.80","2,606.00","2,606.00","2,546.00","2,561.95","2,558.40","2,568.83","37,13,755","9,53,99,91,868.55","2,34,537","20,57,669","55.41"
"RELIANCE","EQ","11-Jan-2023","2,558.40","2,552.50","2,558.00","2,521.10","2,525.00","2,526.15","2,533.89","53,11,657","13,45,91,64,952.45","2,08,828","34,71,261","65.35"
"RELIANCE","EQ","12-Jan-2023","2,526.15","2,524.85","2,532.50","2,465.00","2,475.00","2,471.60","2,487.49","81,63,366","20,30,62,72,476.25","3,40,401","52,51,960","64.34"
"RELIANCE","EQ","13-Jan-2023","2,471.60","2,458.40","2,472.90","2,434.60","2,467.90","2,467.60","2,454.77","95,15,473","23,35,82,92,572.35","3,28,122","63,24,627","66.47"
"RELIANCE","EQ","16-Jan-2023","2,467.60","2,472.70","2,479.65","2,427.00","2,444.50","2,444.10","2,445.10","62,87,407","15,37,33,25,638.55","1,74,901","44,95,622","71.50"
"RELIANCE","EQ","17-Jan-2023","2,444.10","2,458.00","2,483.00","2,450.60","2,478.40","2,478.80","2,466.88","49,61,585","12,23,96,50,262.85","2,05,841","30,03,139","60.53"
"RELIANCE","EQ","18-Jan-2023","2,478.80","2,473.50","2,491.10","2,460.35","2,474.70","2,474.70","2,476.84","62,06,382","15,37,22,36,749.05","1,85,546","42,05,017","67.75"
"RELIANCE","EQ","19-Jan-2023","2,474.70","2,472.90","2,481.15","2,456.65","2,469.00","2,472.05","2,472.43","55,10,333","13,62,38,98,939.80","1,53,940","37,31,869","67.72"
"RELIANCE","EQ","20-Jan-2023","2,472.05","2,475.00","2,475.00","2,437.25","2,443.00","2,442.65","2,452.37","68,90,325","16,89,76,29,055.85","2,29,958","40,17,843","58.31"
"RELIANCE","EQ","23-Jan-2023","2,442.65","2,449.00","2,466.20","2,425.00","2,428.00","2,430.30","2,440.34","50,55,324","12,33,67,10,126.65","2,18,454","29,19,027","57.74"
"RELIANCE","EQ","24-Jan-2023","2,430.30","2,440.00","2,443.65","2,387.35","2,413.00","2,415.95","2,414.29","76,09,558","18,37,16,44,661.35","2,32,964","43,90,622","57.70"
"RELIANCE","EQ","25-Jan-2023","2,415.95","2,412.45","2,414.70","2,380.00","2,384.00","2,382.55","2,392.49","57,15,684","13,67,47,34,133.05","3,34,425","41,12,953","71.96"
"RELIANCE","EQ","27-Jan-2023","2,382.55","2,384.40","2,387.35","2,311.65","2,339.00","2,337.35","2,337.64","1,19,20,991","27,86,69,37,052.40","4,56,285","81,75,005","68.58"
"RELIANCE","EQ","30-Jan-2023","2,337.35","2,331.70","2,371.90","2,301.00","2,363.55","2,359.75","2,340.91","1,00,47,822","23,52,10,08,144.60","3,12,077","71,39,843","71.06"
"RELIANCE","EQ","31-Jan-2023","2,359.75","2,382.00","2,387.65","2,341.00","2,356.65","2,353.85","2,354.47","1,04,72,167","24,65,63,84,337.05","3,48,674","75,64,934","72.24"
"RELIANCE","EQ","01-Feb-2023","2,353.85","2,379.95","2,379.95","2,305.00","2,340.00","2,339.90","2,351.35","89,29,007","20,99,52,29,704.30","3,12,582","57,72,174","64.65"
"RELIANCE","EQ","02-Feb-2023","2,339.90","2,318.00","2,348.00","2,311.00","2,325.00","2,326.95","2,324.91","63,05,317","14,65,93,21,464.40","2,75,957","41,53,622","65.87"
"RELIANCE","EQ","03-Feb-2023","2,326.95","2,349.00","2,349.00","2,293.00","2,330.00","2,329.00","2,318.88","1,13,98,850","26,43,25,10,094.95","4,06,488","79,73,555","69.95"
"RELIANCE","EQ","06-Feb-2023","2,329.00","2,315.00","2,321.00","2,305.80","2,312.90","2,311.45","2,311.92","68,47,679","15,83,13,18,495.45","2,93,805","51,91,602","75.82"
"RELIANCE","EQ","07-Feb-2023","2,311.45","2,312.00","2,327.40","2,293.00","2,304.30","2,305.90","2,312.27","69,85,001","16,15,12,25,520.20","2,81,342","47,49,078","67.99"
"RELIANCE","EQ","08-Feb-2023","2,305.90","2,313.00","2,359.90","2,307.00","2,349.65","2,351.95","2,344.97","97,65,490","22,89,98,22,662.10","2,83,018","67,67,529","69.30"
"RELIANCE","EQ","09-Feb-2023","2,351.95","2,353.45","2,370.85","2,334.00","2,353.60","2,356.05","2,354.91","60,79,228","14,31,60,05,705.25","2,64,097","38,62,283","63.53"
"RELIANCE","EQ","10-Feb-2023","2,356.05","2,354.90","2,354.90","2,321.30","2,336.50","2,336.65","2,331.77","49,79,789","11,61,17,24,209.05","1,88,258","26,34,108","52.90"
"RELIANCE","EQ","13-Feb-2023","2,336.65","2,340.20","2,350.00","2,313.55","2,324.60","2,323.35","2,323.49","47,77,674","11,10,08,81,219.90","1,51,763","27,80,205","58.19"
"RELIANCE","EQ","14-Feb-2023","2,323.35","2,329.95","2,381.90","2,323.65","2,380.00","2,378.10","2,365.58","66,09,564","15,63,54,20,227.95","2,27,277","40,49,724","61.27"
"RELIANCE","EQ","15-Feb-2023","2,378.10","2,376.00","2,437.20","2,373.00","2,435.05","2,431.95","2,417.55","1,54,61,902","37,37,99,21,255.85","3,38,567","1,16,44,633","75.31"
"RELIANCE","EQ","16-Feb-2023","2,431.95","2,449.45","2,463.80","2,425.05","2,427.50","2,430.05","2,445.33","79,67,558","19,48,33,14,957.80","3,20,609","55,39,874","69.53"
"RELIANCE","EQ","17-Feb-2023","2,430.05","2,420.00","2,447.50","2,410.60","2,438.00","2,440.20","2,433.17","54,50,092","13,26,09,80,980.85","1,72,321","34,30,691","62.95"
"RELIANCE","EQ","20-Feb-2023","2,440.20","2,445.00","2,449.75","2,410.10","2,414.70","2,414.40","2,429.58","40,78,245","9,90,84,16,474.30","1,69,244","22,28,609","54.65"
"RELIANCE","EQ","21-Feb-2023","2,414.40","2,424.00","2,446.80","2,412.35","2,435.20","2,434.10","2,428.09","61,43,298","14,91,64,58,652.90","1,90,616","37,95,226","61.78"
"RELIANCE","EQ","22-Feb-2023","2,434.10","2,425.95","2,430.00","2,375.05","2,377.00","2,378.90","2,395.74","50,87,729","12,18,88,88,236.70","2,04,778","31,93,068","62.76"
"RELIANCE","EQ","23-Feb-2023","2,378.90","2,378.00","2,394.75","2,361.35","2,366.50","2,367.50","2,377.10","45,46,655","10,80,78,33,963.95","1,76,202","25,00,479","55.00"
"RELIANCE","EQ","24-Feb-2023","2,367.50","2,372.00","2,396.15","2,368.00","2,387.90","2,383.70","2,381.54","43,53,814","10,36,87,96,539.40","1,57,064","24,64,268","56.60"
"RELIANCE","EQ","27-Feb-2023","2,383.70","2,382.00","2,389.65","2,351.70","2,365.05","2,367.85","2,366.20","51,68,667","12,23,00,93,429.05","1,93,653","32,33,733","62.56"
"RELIANCE","EQ","28-Feb-2023","2,367.85","2,356.10","2,367.00","2,313.65","2,319.95","2,322.55","2,333.98","1,01,50,245","23,69,04,36,663.80","3,13,946","63,72,032","62.78"
"RELIANCE","EQ","01-Mar-2023","2,322.55","2,344.00","2,345.50","2,323.25","2,345.40","2,343.90","2,336.64","53,30,852","12,45,62,84,409.25","2,30,019","31,03,711","58.22"
"RELIANCE","EQ","02-Mar-2023","2,343.90","2,337.00","2,351.65","2,321.60","2,329.40","2,326.05","2,333.58","43,07,425","10,05,17,32,048.90","1,88,182","24,22,136","56.23"
"RELIANCE","EQ","03-Mar-2023","2,326.05","2,349.15","2,393.45","2,341.55","2,382.00","2,385.40","2,366.67","67,58,115","15,99,42,00,481.70","1,97,227","41,46,741","61.36"
"RELIANCE","EQ","06-Mar-2023","2,385.40","2,400.00","2,424.60","2,400.00","2,409.70","2,408.70","2,412.27","46,94,338","11,32,40,34,037.10","1,55,650","26,06,276","55.52"
"RELIANCE","EQ","08-Mar-2023","2,408.70","2,408.70","2,419.00","2,385.00","2,416.50","2,417.35","2,407.08","72,83,694","17,53,24,25,276.00","1,82,199","41,11,112","56.44"
"RELIANCE","EQ","09-Mar-2023","2,417.35","2,416.00","2,416.90","2,355.10","2,360.00","2,359.25","2,377.08","74,92,509","17,81,03,28,720.90","2,32,305","45,08,290","60.17"
"RELIANCE","EQ","10-Mar-2023","2,359.25","2,341.50","2,344.00","2,315.05","2,326.00","2,322.70","2,324.06","61,53,681","14,30,15,40,668.50","2,57,596","33,00,623","53.64"
"RELIANCE","EQ","13-Mar-2023","2,322.70","2,329.00","2,344.00","2,275.00","2,288.00","2,284.50","2,307.72","58,94,088","13,60,19,04,297.45","2,56,526","26,74,835","45.38"
"RELIANCE","EQ","14-Mar-2023","2,284.50","2,280.00","2,304.95","2,269.05","2,279.00","2,275.95","2,285.47","73,96,699","16,90,49,04,240.65","2,66,523","34,19,876","46.24"
"RELIANCE","EQ","15-Mar-2023","2,275.95","2,284.10","2,298.30","2,227.40","2,237.45","2,237.05","2,263.32","1,00,27,725","22,69,59,25,219.15","3,71,953","61,37,251","61.20"
"RELIANCE","EQ","16-Mar-2023","2,237.05","2,243.00","2,254.00","2,202.20","2,229.50","2,225.90","2,229.58","84,74,595","18,89,47,58,462.15","3,66,871","47,38,415","55.91"
"RELIANCE","EQ","17-Mar-2023","2,225.90","2,244.75","2,251.95","2,212.70","2,224.40","2,223.10","2,226.05","1,56,97,554","34,94,35,97,049.60","3,02,341","1,14,67,951","73.06"
"RELIANCE","EQ","20-Mar-2023","2,223.10","2,215.00","2,220.00","2,180.00","2,211.15","2,201.25","2,194.09","90,10,595","19,77,00,27,745.25","3,69,095","50,60,920","56.17"
"RELIANCE","EQ","21-Mar-2023","2,201.25","2,218.95","2,274.00","2,217.00","2,272.00","2,269.70","2,256.48","98,76,263","22,28,55,72,145.65","3,42,611","51,72,557","52.37"
"RELIANCE","EQ","22-Mar-2023","2,269.70","2,285.00","2,291.45","2,270.00","2,274.30","2,276.60","2,281.22","50,39,622","11,49,64,91,661.40","1,95,193","30,89,805","61.31"
"RELIANCE","EQ","23-Mar-2023","2,276.60","2,268.00","2,269.90","2,243.05","2,247.60","2,247.80","2,253.68","74,99,082","16,90,05,52,054.30","1,87,678","52,54,204","70.06"
"RELIANCE","EQ","24-Mar-2023","2,247.80","2,245.25","2,250.00","2,198.00","2,204.90","2,203.30","2,221.83","57,11,497","12,68,99,75,563.60","2,31,777","35,21,704","61.66"
"RELIANCE","EQ","27-Mar-2023","2,203.30","2,217.50","2,254.00","2,200.20","2,238.80","2,237.55","2,237.36","64,86,068","14,51,16,43,743.50","2,17,981","33,99,932","52.42"
"RELIANCE","EQ","28-Mar-2023","2,237.55","2,245.00","2,256.50","2,237.00","2,247.05","2,248.00","2,246.61","58,04,018","13,03,93,73,592.90","2,00,011","36,51,674","62.92"
"RELIANCE","EQ","29-Mar-2023","2,248.00","2,239.00","2,244.80","2,211.10","2,242.20","2,234.70","2,228.64","86,78,073","19,34,02,93,216.90","2,94,929","53,60,948","61.78"
"RELIANCE","EQ","31-Mar-2023","2,234.70","2,255.00","2,343.45","2,254.70","2,330.95","2,331.05","2,315.77","1,30,01,005","30,10,73,14,074.90","4,46,320","80,37,003","61.82"
"RELIANCE","EQ","03-Apr-2023","2,331.05","2,345.00","2,349.00","2,315.00","2,331.05","2,331.45","2,327.86","47,50,238","11,05,78,79,559.90","1,92,147","25,98,875","54.71"
"RELIANCE","EQ","05-Apr-2023","2,331.45","2,348.00","2,348.00","2,308.55","2,324.10","2,325.85","2,325.64","75,05,339","17,45,47,36,439.85","2,15,635","32,86,758","43.79"
"RELIANCE","EQ","06-Apr-2023","2,325.85","2,318.15","2,354.00","2,318.15","2,340.15","2,341.45","2,341.09","85,07,771","19,91,74,29,621.50","2,01,019","30,66,395","36.04"
"RELIANCE","EQ","10-Apr-2023","2,341.45","2,350.00","2,350.40","2,321.55","2,324.05","2,324.85","2,337.29","59,81,688","13,98,09,69,369.40","1,46,678","24,97,661","41.76"
"RELIANCE","EQ","11-Apr-2023","2,324.85","2,334.00","2,341.00","2,324.05","2,334.10","2,336.35","2,333.10","48,65,301","11,35,12,55,127.75","1,51,084","32,37,435","66.54"
"RELIANCE","EQ","12-Apr-2023","2,336.35","2,336.35","2,367.80","2,330.05","2,346.70","2,346.65","2,347.57","83,89,646","19,69,52,62,387.55","1,87,546","54,37,346","64.81"
"RELIANCE","EQ","13-Apr-2023","2,346.65","2,353.00","2,365.80","2,342.00","2,356.00","2,355.50","2,354.04","57,12,541","13,44,75,64,946.75","1,73,375","32,83,242","57.47"
"RELIANCE","EQ","17-Apr-2023","2,355.50","2,424.95","2,424.95","2,349.05","2,367.35","2,367.45","2,371.58","82,74,452","19,62,34,93,252.40","1,98,022","52,43,193","63.37"
"RELIANCE","EQ","18-Apr-2023","2,367.45","2,377.00","2,377.00","2,326.00","2,340.40","2,340.35","2,341.54","48,02,172","11,24,44,58,267.80","1,59,024","21,50,217","44.78"
"RELIANCE","EQ","19-Apr-2023","2,340.35","2,339.05","2,357.90","2,332.20","2,348.80","2,352.00","2,347.73","56,64,207","13,29,80,39,126.00","1,46,728","25,62,595","45.24"
"RELIANCE","EQ","20-Apr-2023","2,352.00","2,354.10","2,359.00","2,332.10","2,345.00","2,346.05","2,342.63","32,33,882","7,57,57,82,937.90","1,42,307","13,28,115","41.07"
"RELIANCE","EQ","21-Apr-2023","2,346.05","2,350.65","2,361.00","2,336.40","2,351.00","2,349.00","2,348.70","35,29,236","8,28,91,02,461.70","1,51,695","19,01,194","53.87"
"RELIANCE","EQ","24-Apr-2023","2,349.00","2,375.00","2,380.90","2,348.00","2,360.50","2,358.00","2,360.70","59,70,048","14,09,35,09,408.65","2,17,965","27,51,711","46.09"
"RELIANCE","EQ","25-Apr-2023","2,358.00","2,366.00","2,380.60","2,350.50","2,373.45","2,376.05","2,365.75","42,62,471","10,08,39,30,491.20","1,51,700","20,86,689","48.95"
"RELIANCE","EQ","26-Apr-2023","2,376.05","2,379.00","2,386.10","2,354.05","2,361.90","2,362.10","2,363.34","39,77,129","9,39,93,18,934.15","1,59,924","20,98,237","52.76"
"RELIANCE","EQ","27-Apr-2023","2,362.10","2,375.00","2,384.00","2,364.00","2,381.70","2,377.05","2,373.05","42,30,627","10,03,94,93,207.75","1,51,491","20,32,293","48.04"
"RELIANCE","EQ","28-Apr-2023","2,377.05","2,382.00","2,423.90","2,381.75","2,419.90","2,420.50","2,409.46","71,83,342","17,30,79,47,047.80","2,26,856","40,54,041","56.44"
"RELIANCE","EQ","02-May-2023","2,420.50","2,436.20","2,445.80","2,428.10","2,440.20","2,441.05","2,438.83","59,91,101","14,61,12,50,968.30","2,13,010","38,88,221","64.90"
"RELIANCE","EQ","03-May-2023","2,441.05","2,445.00","2,445.00","2,413.05","2,418.00","2,420.10","2,423.03","32,59,053","7,89,67,75,124.85","1,22,949","18,26,435","56.04"
"RELIANCE","EQ","04-May-2023","2,420.10","2,421.15","2,452.85","2,414.60","2,445.95","2,448.00","2,438.20","39,85,159","9,71,66,26,291.25","1,48,384","17,41,751","43.71"
"RELIANCE","EQ","05-May-2023","2,448.00","2,441.00","2,461.35","2,436.00","2,441.00","2,441.75","2,447.86","40,36,548","9,88,09,00,102.30","1,71,662","15,38,067","38.10"
"RELIANCE","EQ","08-May-2023","2,441.75","2,450.00","2,483.65","2,444.15","2,471.00","2,471.90","2,468.41","42,24,469","10,42,77,25,788.55","1,69,304","24,01,148","56.84"
"RELIANCE","EQ","09-May-2023","2,471.90","2,475.00","2,486.80","2,463.25","2,476.70","2,479.55","2,476.94","29,83,468","7,38,98,73,116.30","1,67,950","14,71,944","49.34"
"RELIANCE","EQ","10-May-2023","2,479.55","2,490.00","2,499.85","2,481.20","2,492.00","2,496.60","2,493.65","50,17,544","12,51,20,18,443.70","1,47,588","27,95,603","55.72"
"RELIANCE","EQ","11-May-2023","2,496.60","2,498.95","2,509.50","2,476.55","2,482.00","2,480.30","2,494.02","48,72,451","12,15,19,66,094.10","1,90,308","20,18,589","41.43"
"RELIANCE","EQ","12-May-2023","2,480.30","2,469.80","2,487.40","2,456.50","2,481.90","2,484.35","2,473.50","32,09,889","7,93,96,58,229.75","1,16,311","16,62,095","51.78"
"RELIANCE","EQ","15-May-2023","2,484.35","2,489.90","2,504.55","2,473.15","2,484.75","2,489.25","2,492.24","31,53,587","7,85,94,81,400.85","1,39,761","16,40,574","52.02"
"RELIANCE","EQ","16-May-2023","2,489.25","2,494.00","2,499.60","2,450.15","2,454.55","2,453.80","2,474.17","40,23,000","9,95,35,70,679.50","2,02,246","21,54,699","53.56"
"RELIANCE","EQ","17-May-2023","2,453.80","2,463.00","2,465.00","2,429.00","2,442.00","2,439.30","2,444.63","40,60,722","9,92,69,61,637.20","1,55,508","16,02,975","39.48"
"RELIANCE","EQ","18-May-2023","2,439.30","2,449.55","2,457.00","2,427.15","2,433.00","2,434.05","2,443.67","48,57,531","11,87,02,19,947.45","1,45,659","10,04,981","20.69"
"RELIANCE","EQ","19-May-2023","2,434.05","2,434.05","2,445.95","2,418.85","2,444.00","2,441.95","2,432.71","37,15,280","9,03,82,04,553.15","1,18,264","13,98,819","37.65"
"RELIANCE","EQ","22-May-2023","2,441.95","2,435.00","2,466.00","2,432.35","2,454.50","2,455.00","2,455.77","34,31,208","8,42,62,66,009.20","1,22,501","12,02,296","35.04"
"RELIANCE","EQ","23-May-2023","2,455.00","2,460.65","2,468.00","2,451.45","2,453.00","2,454.55","2,460.13","28,11,473","6,91,65,83,531.40","1,21,065","14,84,525","52.80"
"RELIANCE","EQ","24-May-2023","2,454.55","2,445.90","2,464.00","2,433.45","2,441.00","2,440.25","2,447.77","37,43,804","9,16,39,84,988.70","1,32,191","18,28,787","48.85"
"RELIANCE","EQ","25-May-2023","2,440.25","2,433.90","2,449.00","2,416.05","2,444.85","2,439.95","2,430.14","53,01,647","12,88,37,32,875.05","1,36,521","22,32,701","42.11"
"RELIANCE","EQ","26-May-2023","2,439.95","2,458.00","2,509.00","2,450.75","2,508.80","2,506.50","2,489.54","58,27,017","14,50,66,12,501.75","1,97,182","28,89,346","49.59"
"RELIANCE","EQ","29-May-2023","2,506.50","2,521.00","2,530.00","2,507.20","2,518.20","2,520.60","2,519.76","46,19,754","11,64,06,58,051.85","1,84,530","25,05,419","54.23"
"RELIANCE","EQ","30-May-2023","2,520.60","2,520.60","2,537.70","2,514.35","2,520.55","2,519.95","2,524.94","52,34,564","13,21,69,61,279.00","1,73,212","26,45,328","50.54"
"RELIANCE","EQ","31-May-2023","2,519.95","2,500.00","2,509.85","2,461.00","2,466.95","2,469.90","2,477.34","1,25,10,304","30,99,22,95,693.45","2,89,027","87,30,857","69.79"
"RELIANCE","EQ","01-Jun-2023","2,469.90","2,480.15","2,484.90","2,458.00","2,467.00","2,463.25","2,472.06","67,34,525","16,64,81,39,919.55","2,16,233","40,83,929","60.64"
"RELIANCE","EQ","02-Jun-2023","2,463.25","2,471.00","2,482.85","2,451.00","2,455.25","2,455.20","2,459.32","72,91,995","17,93,33,84,336.15","1,60,655","50,68,213","69.50"
"RELIANCE","EQ","05-Jun-2023","2,455.20","2,467.20","2,483.75","2,458.45","2,479.95","2,477.25","2,470.14","50,34,355","12,43,55,36,493.30","1,61,758","34,13,545","67.81"
"RELIANCE","EQ","06-Jun-2023","2,477.25","2,483.45","2,487.70","2,462.00","2,483.80","2,479.35","2,473.70","34,58,161","8,55,44,57,378.70","1,67,754","18,30,127","52.92"
"RELIANCE","EQ","07-Jun-2023","2,479.35","2,487.00","2,500.00","2,472.60","2,498.00","2,498.15","2,487.06","47,59,238","11,83,65,09,766.30","1,87,387","25,01,664","52.56"
"RELIANCE","EQ","08-Jun-2023","2,498.15","2,506.00","2,516.85","2,491.00","2,505.00","2,499.65","2,504.11","55,70,815","13,94,99,25,583.10","1,76,663","23,55,465","42.28"
"RELIANCE","EQ","09-Jun-2023","2,499.65","2,507.00","2,508.55","2,478.00","2,482.00","2,481.95","2,493.99","27,12,243","6,76,43,00,003.70","1,54,585","12,59,707","46.45"
"RELIANCE","EQ","12-Jun-2023","2,481.95","2,475.50","2,489.20","2,465.00","2,488.00","2,484.15","2,479.76","29,49,893","7,31,50,18,537.50","1,55,197","16,74,191","56.75"
"RELIANCE","EQ","13-Jun-2023","2,484.15","2,495.00","2,523.45","2,486.25","2,517.90","2,520.85","2,509.06","51,90,958","13,02,44,09,119.20","1,79,929","33,92,279","65.35"
"RELIANCE","EQ","14-Jun-2023","2,520.85","2,521.00","2,555.00","2,517.00","2,546.25","2,551.85","2,541.35","61,27,509","15,57,21,20,760.55","2,55,684","40,43,667","65.99"
"RELIANCE","EQ","15-Jun-2023","2,551.85","2,551.80","2,562.55","2,535.50","2,550.15","2,552.55","2,551.63","54,51,926","13,91,13,15,989.45","1,93,503","29,60,975","54.31"
"RELIANCE","EQ","16-Jun-2023","2,552.55","2,560.20","2,582.40","2,560.20","2,575.00","2,577.40","2,574.79","1,11,55,180","28,72,22,02,805.50","2,37,630","80,75,240","72.39"
"RELIANCE","EQ","19-Jun-2023","2,577.40","2,584.00","2,584.00","2,542.65","2,550.50","2,551.80","2,555.84","31,37,532","8,01,90,25,286.30","1,30,037","16,88,183","53.81"
"RELIANCE","EQ","20-Jun-2023","2,551.80","2,547.55","2,564.00","2,535.00","2,561.50","2,557.10","2,548.60","31,94,085","8,14,04,54,943.70","1,19,189","21,50,522","67.33"
"RELIANCE","EQ","21-Jun-2023","2,557.10","2,557.00","2,569.85","2,548.00","2,564.90","2,564.30","2,561.96","32,12,779","8,23,10,21,944.90","1,35,010","19,72,217","61.39"
"RELIANCE","EQ","22-Jun-2023","2,564.30","2,556.00","2,573.30","2,532.00","2,539.00","2,535.50","2,551.25","35,16,244","8,97,08,24,759.40","1,79,274","18,38,674","52.29"
"RELIANCE","EQ","23-Jun-2023","2,535.50","2,528.90","2,533.40","2,512.00","2,517.80","2,514.75","2,521.55","30,59,084","7,71,36,44,596.40","1,36,010","15,21,122","49.72"
"RELIANCE","EQ","26-Jun-2023","2,514.75","2,507.00","2,515.40","2,488.70","2,495.25","2,495.55","2,500.04","58,33,893","14,58,49,60,042.70","1,40,793","46,05,047","78.94"
"RELIANCE","EQ","27-Jun-2023","2,495.55","2,496.55","2,509.50","2,486.65","2,495.00","2,496.45","2,496.25","44,71,687","11,16,24,30,554.95","1,57,574","33,61,328","75.17"
"RELIANCE","EQ","28-Jun-2023","2,496.45","2,513.00","2,537.85","2,497.85","2,530.35","2,529.50","2,525.48","52,39,872","13,23,32,13,873.00","1,90,293","31,23,960","59.62"
"RELIANCE","EQ","30-Jun-2023","2,529.50","2,546.40","2,556.65","2,533.45","2,553.35","2,550.25","2,543.75","51,46,441","13,09,12,51,360.20","2,23,168","33,24,585","64.60"
"RELIANCE","EQ","03-Jul-2023","2,550.25","2,558.05","2,622.00","2,555.35","2,612.00","2,615.70","2,596.46","56,09,248","14,56,42,07,451.25","2,05,284","28,74,114","51.24"
"RELIANCE","EQ","04-Jul-2023","2,615.70","2,625.00","2,625.00","2,573.25","2,588.00","2,588.75","2,588.64","37,20,447","9,63,09,11,136.45","1,57,756","19,04,092","51.18"
"RELIANCE","EQ","05-Jul-2023","2,588.75","2,609.00","2,609.00","2,575.80","2,588.00","2,584.50","2,585.90","47,29,479","12,22,99,54,790.40","1,63,146","32,56,582","68.86"
"RELIANCE","EQ","06-Jul-2023","2,584.50","2,576.05","2,644.45","2,576.05","2,633.30","2,638.75","2,628.55","88,22,948","23,19,15,25,858.60","2,42,971","46,69,172","52.92"
"RELIANCE","EQ","07-Jul-2023","2,638.75","2,635.00","2,664.95","2,628.00","2,629.00","2,633.60","2,645.39","61,72,684","16,32,91,64,522.95","2,31,715","33,47,628","54.23"
"RELIANCE","EQ","10-Jul-2023","2,633.60","2,688.90","2,756.00","2,675.00","2,735.25","2,735.05","2,729.55","1,53,40,262","41,87,19,95,571.75","4,52,960","84,33,744","54.98"
"RELIANCE","EQ","11-Jul-2023","2,735.05","2,752.90","2,770.00","2,737.60","2,769.00","2,764.70","2,755.34","92,62,001","25,51,99,75,405.90","3,06,208","63,63,890","68.71"
"RELIANCE","EQ","12-Jul-2023","2,764.70","2,766.30","2,802.00","2,761.65","2,765.00","2,767.75","2,781.60","86,45,662","24,04,87,64,830.55","3,48,082","54,63,716","63.20"
"RELIANCE","EQ","13-Jul-2023","2,767.75","2,783.90","2,799.00","2,737.25","2,748.00","2,743.00","2,774.19","67,76,172","18,79,83,57,651.30","2,54,196","38,88,690","57.39"
"RELIANCE","EQ","14-Jul-2023","2,743.00","2,750.00","2,760.90","2,725.10","2,751.00","2,740.70","2,739.02","69,79,790","19,11,78,13,181.40","2,01,319","41,76,465","59.84"
"RELIANCE","EQ","17-Jul-2023","2,740.70","2,747.00","2,815.05","2,728.00","2,795.20","2,796.70","2,780.30","1,02,54,545","28,51,07,31,060.60","3,86,729","58,21,720","56.77"
"RELIANCE","EQ","18-Jul-2023","2,796.70","2,817.00","2,837.45","2,793.00","2,822.60","2,820.45","2,814.75","1,19,37,761","33,60,18,45,465.45","3,32,862","74,44,962","62.36"
"RELIANCE","EQ","19-Jul-2023","2,820.45","2,830.00","2,856.00","2,797.00","2,853.00","2,841.85","2,826.91","1,80,54,869","51,03,95,78,142.75","4,41,824","1,21,00,679","67.02"
"RELIANCE","EQ","20-Jul-2023","2,841.85","2,580.00","2,630.95","2,580.00","2,623.00","2,619.85","2,614.00","1,93,58,812","50,60,39,56,720.15","4,15,393","1,33,84,709","69.14"
"RELIANCE","EQ","21-Jul-2023","2,619.85","2,609.00","2,614.90","2,523.60","2,555.00","2,538.75","2,549.83","1,51,24,619","38,56,51,57,004.35","4,57,107","82,24,861","54.38"
"RELIANCE","EQ","24-Jul-2023","2,538.75","2,481.00","2,514.95","2,469.30","2,488.00","2,487.40","2,491.60","1,18,63,933","29,56,01,18,805.00","4,41,158","78,52,002","66.18"
"RELIANCE","EQ","25-Jul-2023","2,487.40","2,494.00","2,505.20","2,480.00","2,484.00","2,485.80","2,492.71","60,13,010","14,98,86,81,530.35","2,42,346","41,92,118","69.72"
"RELIANCE","EQ","26-Jul-2023","2,485.80","2,485.00","2,547.00","2,485.00","2,526.00","2,526.20","2,526.43","64,55,506","16,30,93,70,484.50","2,55,390","32,54,913","50.42"
"RELIANCE","EQ","27-Jul-2023","2,526.20","2,534.05","2,537.65","2,490.35","2,515.00","2,502.70","2,509.19","86,13,449","21,61,28,19,116.55","2,99,635","60,48,843","70.23"
"RELIANCE","EQ","28-Jul-2023","2,502.70","2,512.05","2,542.85","2,500.55","2,528.20","2,527.85","2,518.80","1,04,13,926","26,23,06,15,302.10","3,33,806","45,14,438","43.35"
"RELIANCE","EQ","31-Jul-2023","2,527.85","2,527.85","2,553.90","2,517.95","2,546.00","2,549.25","2,540.69","42,75,587","10,86,29,27,967.25","1,69,076","27,41,873","64.13"
"RELIANCE","EQ","01-Aug-2023","2,549.25","2,555.00","2,559.00","2,505.30","2,517.70","2,513.20","2,524.85","47,68,316","12,03,92,88,137.45","1,98,132","31,78,513","66.66"
"RELIANCE","EQ","02-Aug-2023","2,513.20","2,509.20","2,512.00","2,463.60","2,484.05","2,486.35","2,485.51","63,74,107","15,84,29,03,032.05","3,30,411","40,10,715","62.92"
"RELIANCE","EQ","03-Aug-2023","2,486.35","2,475.30","2,500.90","2,458.05","2,474.50","2,475.90","2,474.27","50,84,175","12,57,96,30,763.10","2,27,047","24,99,801","49.17"
"RELIANCE","EQ","04-Aug-2023","2,475.90","2,498.80","2,516.00","2,471.60","2,508.00","2,509.55","2,497.26","1,14,42,805","28,57,56,03,699.10","2,92,077","54,97,151","48.04"
"RELIANCE","EQ","07-Aug-2023","2,509.55","2,521.00","2,528.40","2,505.00","2,523.50","2,523.85","2,518.85","29,91,435","7,53,49,73,865.10","1,44,288","17,30,550","57.85"
"RELIANCE","EQ","08-Aug-2023","2,523.85","2,528.00","2,534.45","2,499.55","2,503.75","2,508.65","2,514.67","49,22,036","12,37,72,91,186.25","1,99,690","36,12,658","73.40"
"RELIANCE","EQ","09-Aug-2023","2,508.65","2,504.85","2,529.00","2,481.10","2,522.00","2,525.20","2,499.68","57,43,293","14,35,63,84,371.85","2,69,092","36,31,495","63.23"
"RELIANCE","EQ","10-Aug-2023","2,525.20","2,524.95","2,550.00","2,508.45","2,536.00","2,536.45","2,533.24","77,35,299","19,59,53,55,860.30","2,57,586","50,62,180","65.44"
"RELIANCE","EQ","11-Aug-2023","2,536.45","2,532.45","2,558.85","2,512.35","2,542.00","2,547.15","2,535.53","1,10,89,665","28,11,82,25,498.75","2,47,074","47,76,599","43.07"
"RELIANCE","EQ","14-Aug-2023","2,547.15","2,539.00","2,582.30","2,525.00","2,573.20","2,577.25","2,563.04","47,87,906","12,27,15,88,459.95","2,48,402","26,48,259","55.31"
"RELIANCE","EQ","16-Aug-2023","2,577.25","2,551.00","2,582.80","2,551.00","2,571.95","2,575.15","2,568.15","51,01,556","13,10,15,45,280.60","1,57,128","31,98,471","62.70"
"RELIANCE","EQ","17-Aug-2023","2,575.15","2,567.10","2,578.10","2,532.85","2,534.05","2,538.00","2,550.82","68,36,872","17,43,96,52,935.65","3,05,866","42,07,479","61.54"
"RELIANCE","EQ","18-Aug-2023","2,538.00","2,531.25","2,577.60","2,508.55","2,551.05","2,556.80","2,543.13","93,19,989","23,70,19,83,763.10","2,93,106","36,43,586","39.09"
"RELIANCE","EQ","21-Aug-2023","2,556.80","2,539.95","2,555.45","2,515.65","2,519.50","2,520.00","2,528.76","46,10,873","11,65,97,93,136.25","1,86,604","24,28,001","52.66"
"RELIANCE","EQ","22-Aug-2023","2,520.00","2,516.90","2,537.95","2,499.00","2,523.00","2,519.40","2,522.49","38,56,522","9,72,80,35,039.30","2,34,127","19,47,489","50.50"
"RELIANCE","EQ","23-Aug-2023","2,519.40","2,524.20","2,542.85","2,516.95","2,518.20","2,522.20","2,528.38","47,58,976","12,03,25,00,977.45","1,86,890","19,94,368","41.91"
"RELIANCE","EQ","24-Aug-2023","2,522.20","2,539.90","2,539.90","2,471.00","2,475.80","2,479.80","2,505.26","70,70,010","17,71,22,28,152.35","2,77,360","35,81,724","50.66"
"RELIANCE","EQ","25-Aug-2023","2,479.80","2,456.00","2,505.00","2,442.60","2,461.90","2,468.35","2,475.31","1,11,11,200","27,50,36,65,768.50","3,09,987","48,89,628","44.01"
"RELIANCE","EQ","28-Aug-2023","2,468.35","2,472.00","2,484.00","2,431.10","2,436.95","2,443.75","2,465.38","62,90,413","15,50,82,40,986.20","2,48,985","26,19,323","41.64"
"RELIANCE","EQ","29-Aug-2023","2,443.75","2,452.05","2,453.45","2,408.15","2,422.00","2,420.35","2,425.23","84,38,322","20,46,48,39,388.10","3,19,838","49,78,720","59.00"
"RELIANCE","EQ","30-Aug-2023","2,420.35","2,432.00","2,443.00","2,415.00","2,419.40","2,418.05","2,426.59","60,84,473","14,76,45,44,103.55","2,20,096","35,22,177","57.89"
"RELIANCE","EQ","31-Aug-2023","2,418.05","2,423.00","2,425.00","2,399.90","2,408.00","2,407.00","2,410.24","1,08,19,300","26,07,70,96,813.90","2,63,614","71,36,660","65.96"
"RELIANCE","EQ","01-Sep-2023","2,407.00","2,406.55","2,425.65","2,401.65","2,411.40","2,412.65","2,413.40","90,56,421","21,85,67,99,694.25","2,85,753","25,15,754","27.78"
"RELIANCE","EQ","04-Sep-2023","2,412.65","2,412.65","2,423.65","2,405.30","2,411.05","2,410.70","2,413.56","46,73,813","11,28,05,12,429.60","1,67,154","30,08,596","64.37"
"RELIANCE","EQ","05-Sep-2023","2,410.70","2,420.00","2,433.95","2,412.45","2,426.00","2,423.60","2,423.22","43,37,938","10,51,17,62,468.35","1,60,296","23,71,462","54.67"
"RELIANCE","EQ","06-Sep-2023","2,423.60","2,421.10","2,436.15","2,417.25","2,426.35","2,428.70","2,427.46","41,00,185","9,95,30,29,723.50","1,68,907","24,93,776","60.82"
"RELIANCE","EQ","07-Sep-2023","2,428.70","2,421.70","2,438.25","2,411.00","2,431.00","2,432.00","2,424.86","68,26,286","16,55,27,69,825.75","1,76,371","23,66,188","34.66"
"RELIANCE","EQ","08-Sep-2023","2,432.00","2,440.00","2,456.00","2,422.95","2,451.00","2,448.20","2,435.83","1,15,54,644","28,14,51,73,638.30","2,03,161","49,39,162","42.75"
"RELIANCE","EQ","11-Sep-2023","2,448.20","2,452.00","2,476.85","2,452.00","2,473.05","2,474.60","2,468.87","66,35,537","16,38,22,49,910.10","2,16,515","45,78,581","69.00"
"RELIANCE","EQ","12-Sep-2023","2,474.60","2,483.00","2,483.00","2,435.95","2,437.00","2,438.85","2,451.73","81,27,833","19,92,72,45,602.50","2,30,277","51,95,321","63.92"
"RELIANCE","EQ","13-Sep-2023","2,438.85","2,440.00","2,462.65","2,426.25","2,450.10","2,451.05","2,451.78","64,01,669","15,69,54,91,695.65","1,53,034","43,55,322","68.03"
"RELIANCE","EQ","14-Sep-2023","2,451.05","2,460.00","2,465.80","2,445.00","2,456.00","2,453.30","2,454.20","46,04,818","11,30,11,41,212.65","2,59,706","16,47,002","35.77"
"RELIANCE","EQ","15-Sep-2023","2,453.30","2,468.00","2,468.00","2,449.50","2,452.50","2,457.85","2,458.32","1,27,34,296","31,30,49,96,690.80","1,72,228","64,08,116","50.32"
"RELIANCE","EQ","18-Sep-2023","2,457.85","2,440.05","2,451.00","2,432.05","2,434.00","2,436.45","2,442.35","37,58,150","9,17,87,15,239.40","1,35,713","26,12,554","69.52"
"RELIANCE","EQ","20-Sep-2023","2,436.45","2,423.05","2,427.60","2,355.00","2,380.65","2,382.15","2,377.79","2,85,40,942","67,86,44,89,357.80","3,50,883","2,25,44,832","78.99"
"RELIANCE","EQ","21-Sep-2023","2,382.15","2,374.95","2,390.10","2,360.00","2,365.00","2,364.80","2,370.70","61,13,091","14,49,22,94,094.80","2,92,445","29,46,892","48.21"
"RELIANCE","EQ","22-Sep-2023","2,364.80","2,376.00","2,382.45","2,350.00","2,356.50","2,354.95","2,363.47","95,88,393","22,66,18,97,562.05","3,02,933","41,57,657","43.36"
"RELIANCE","EQ","25-Sep-2023","2,354.95","2,350.40","2,360.70","2,335.10","2,339.50","2,340.45","2,343.52","71,27,442","16,70,32,85,186.15","2,66,745","50,16,282","70.38"
"RELIANCE","EQ","26-Sep-2023","2,340.45","2,338.55","2,350.20","2,335.60","2,340.00","2,342.50","2,342.35","50,43,891","11,81,45,81,030.50","1,68,749","34,32,787","68.06"
"RELIANCE","EQ","27-Sep-2023","2,342.50","2,343.50","2,371.80","2,338.50","2,371.00","2,368.90","2,355.73","58,61,389","13,80,78,21,671.35","2,33,089","37,63,425","64.21"
"RELIANCE","EQ","28-Sep-2023","2,368.90","2,383.00","2,383.00","2,325.00","2,339.00","2,334.10","2,352.03","72,59,173","17,07,38,06,729.35","2,83,992","40,08,145","55.21"
"RELIANCE","EQ","29-Sep-2023","2,334.10","2,341.80","2,369.10","2,334.10","2,342.05","2,345.00","2,350.92","61,71,007","14,50,75,25,911.60","1,78,898","26,43,270","42.83"
"RELIANCE","EQ","03-Oct-2023","2,345.00","2,329.95","2,335.60","2,316.00","2,318.40","2,318.15","2,322.04","44,29,528","10,28,55,26,678.70","1,92,207","28,68,867","64.77"
"RELIANCE","EQ","04-Oct-2023","2,318.15","2,309.00","2,319.00","2,295.10","2,314.10","2,314.15","2,304.24","51,43,193","11,85,11,41,943.50","2,61,511","33,55,575","65.24"
"RELIANCE","EQ","05-Oct-2023","2,314.15","2,319.25","2,329.40","2,309.00","2,312.90","2,314.10","2,317.43","54,76,841","12,69,21,81,391.50","2,20,239","25,61,741","46.77"
"RELIANCE","EQ","06-Oct-2023","2,314.10","2,317.05","2,324.80","2,312.05","2,317.65","2,318.00","2,318.80","27,15,513","6,29,67,30,156.55","1,65,579","14,27,644","52.57"
"RELIANCE","EQ","09-Oct-2023","2,318.00","2,308.10","2,311.95","2,295.00","2,295.15","2,298.25","2,302.95","37,88,439","8,72,45,97,410.05","2,15,473","25,77,507","68.04"
"RELIANCE","EQ","10-Oct-2023","2,298.25","2,306.55","2,317.90","2,303.75","2,310.30","2,308.40","2,309.03","51,18,016","11,81,76,66,201.85","2,40,623","39,55,663","77.29"
"RELIANCE","EQ","11-Oct-2023","2,308.40","2,314.45","2,349.70","2,313.00","2,345.75","2,345.05","2,333.86","49,07,059","11,45,23,67,310.50","1,99,005","30,96,183","63.10"
"RELIANCE","EQ","12-Oct-2023","2,345.05","2,343.85","2,359.35","2,338.15","2,347.35","2,349.40","2,350.76","62,77,225","14,75,62,75,104.15","2,31,306","37,27,893","59.39"
"RELIANCE","EQ","13-Oct-2023","2,349.40","2,340.00","2,357.50","2,329.15","2,344.95","2,349.30","2,344.56","50,75,158","11,89,89,99,931.90","1,96,532","26,18,430","51.59"
"RELIANCE","EQ","16-Oct-2023","2,349.30","2,345.00","2,354.55","2,336.00","2,345.80","2,344.05","2,346.59","29,64,518","6,95,65,22,674.05","1,74,031","17,62,828","59.46"
"RELIANCE","EQ","17-Oct-2023","2,344.05","2,356.00","2,359.70","2,341.30","2,356.20","2,355.25","2,350.51","39,64,090","9,31,76,49,591.75","1,32,520","26,78,581","67.57"
"RELIANCE","EQ","18-Oct-2023","2,355.25","2,355.25","2,367.00","2,321.00","2,321.40","2,324.00","2,341.91","44,59,160","10,44,29,44,805.70","1,97,131","25,39,983","56.96"
"RELIANCE","EQ","19-Oct-2023","2,324.00","2,312.00","2,321.80","2,301.00","2,304.65","2,306.15","2,310.08","60,16,278","13,89,81,02,710.85","3,06,999","34,93,259","58.06"
"RELIANCE","EQ","20-Oct-2023","2,306.15","2,300.00","2,314.70","2,296.30","2,296.60","2,299.10","2,302.59","44,56,656","10,26,18,59,218.60","2,36,801","29,28,079","65.70"
"RELIANCE","EQ","23-Oct-2023","2,299.10","2,290.00","2,306.25","2,255.25","2,262.90","2,263.20","2,283.24","39,26,981","8,96,62,23,109.05","2,29,519","24,80,829","63.17"
"RELIANCE","EQ","25-Oct-2023","2,263.20","2,250.05","2,281.20","2,243.00","2,256.00","2,257.95","2,261.49","58,10,344","13,14,00,35,999.60","2,76,253","32,42,064","55.80"
"RELIANCE","EQ","26-Oct-2023","2,257.95","2,251.00","2,258.00","2,220.30","2,223.00","2,226.50","2,232.86","76,11,267","16,99,49,10,102.90","3,49,499","50,01,208","65.71"
"RELIANCE","EQ","27-Oct-2023","2,226.50","2,240.00","2,273.50","2,235.95","2,266.15","2,265.80","2,262.35","58,85,542","13,31,51,43,153.75","2,47,495","36,69,399","62.35"
"RELIANCE","EQ","30-Oct-2023","2,265.80","2,274.00","2,325.00","2,269.95","2,309.00","2,312.50","2,310.35","84,06,652","19,42,22,70,423.05","3,52,375","49,26,931","58.61"
"RELIANCE","EQ","31-Oct-2023","2,312.50","2,328.00","2,328.00","2,282.90","2,289.00","2,287.90","2,302.76","64,04,219","14,74,73,54,996.70","2,85,198","42,44,985","66.28"
"RELIANCE","EQ","01-Nov-2023","2,287.90","2,289.15","2,317.50","2,275.20","2,294.70","2,297.40","2,301.86","51,54,595","11,86,51,33,915.60","1,72,384","29,99,329","58.19"
"RELIANCE","EQ","02-Nov-2023","2,297.40","2,313.95","2,324.30","2,307.95","2,319.00","2,320.20","2,316.45","52,81,052","12,23,32,75,556.75","1,56,658","26,20,521","49.62"
"RELIANCE","EQ","03-Nov-2023","2,320.20","2,327.20","2,334.95","2,315.75","2,319.00","2,319.70","2,325.94","44,25,078","10,29,24,87,339.95","1,57,991","27,40,838","61.94"
"RELIANCE","EQ","06-Nov-2023","2,319.70","2,332.30","2,340.00","2,325.60","2,339.00","2,339.00","2,334.20","53,23,652","12,42,64,55,971.70","1,59,387","39,82,611","74.81"
"RELIANCE","EQ","07-Nov-2023","2,339.00","2,334.05","2,339.10","2,319.55","2,323.10","2,323.80","2,328.29","34,80,102","8,10,26,78,736.35","1,64,587","22,82,754","65.59"
"RELIANCE","EQ","08-Nov-2023","2,323.80","2,332.00","2,341.00","2,321.75","2,333.75","2,335.90","2,335.80","39,42,247","9,20,82,87,625.15","1,50,160","28,30,151","71.79"
"RELIANCE","BL","09-Nov-2023","2,841.85","2,335.90","2,335.90","2,335.90","2,335.90","2,335.90","2,335.90","3,47,411","81,15,17,354.90","1","-","-"
"RELIANCE","EQ","09-Nov-2023","2,335.90","2,335.85","2,335.90","2,304.20","2,311.45","2,310.55","2,316.51","72,56,805","16,81,04,55,976.65","2,64,597","31,35,122","43.20"
"RELIANCE","EQ","10-Nov-2023","2,310.55","2,305.55","2,316.35","2,298.05","2,315.90","2,314.90","2,308.66","38,67,477","8,92,86,95,452.35","1,44,846","22,72,363","58.76"
"RELIANCE","EQ","12-Nov-2023","2,314.90","2,326.05","2,332.00","2,322.50","2,330.90","2,330.65","2,328.71","7,09,922","1,65,32,02,914.45","54,331","4,64,151","65.38"
"RELIANCE","EQ","13-Nov-2023","2,330.65","2,322.90","2,324.60","2,311.70","2,315.10","2,314.60","2,316.15","19,27,405","4,46,41,62,629.45","1,01,023","12,87,215","66.78"
"RELIANCE","EQ","15-Nov-2023","2,314.60","2,340.00","2,361.95","2,327.00","2,356.10","2,356.45","2,346.76","61,10,324","14,33,94,87,044.50","1,88,402","44,22,539","72.38"
"RELIANCE","EQ","16-Nov-2023","2,356.45","2,351.10","2,374.15","2,346.95","2,358.00","2,360.70","2,363.74","65,67,455","15,52,37,61,404.10","1,79,828","33,45,345","50.94"
"RELIANCE","EQ","17-Nov-2023","2,360.70","2,352.90","2,373.25","2,352.05","2,354.85","2,355.55","2,363.50","38,79,317","9,16,87,51,612.00","1,40,454","22,77,019","58.70"
"RELIANCE","EQ","20-Nov-2023","2,355.55","2,348.55","2,358.40","2,336.40","2,349.00","2,349.35","2,346.96","22,45,093","5,26,91,53,540.00","1,17,438","13,88,002","61.82"
"RELIANCE","EQ","21-Nov-2023","2,349.35","2,366.00","2,388.00","2,360.20","2,377.00","2,378.90","2,377.09","41,07,225","9,76,32,57,904.05","1,63,809","26,33,039","64.11"
"RELIANCE","EQ","22-Nov-2023","2,378.90","2,375.00","2,394.45","2,372.20","2,387.00","2,388.20","2,385.76","42,67,407","10,18,10,03,165.90","1,77,755","27,62,388","64.73"
"RELIANCE","EQ","23-Nov-2023","2,388.20","2,388.20","2,400.00","2,388.20","2,393.90","2,395.50","2,395.76","42,65,771","10,21,97,70,255.80","1,51,936","23,70,901","55.58"
"RELIANCE","EQ","24-Nov-2023","2,395.50","2,391.60","2,402.60","2,391.05","2,394.25","2,393.90","2,397.29","33,74,743","8,09,02,26,237.15","1,82,231","20,09,729","59.55"
"RELIANCE","BL","28-Nov-2023","2,335.90","2,393.90","2,393.90","2,393.90","2,393.90","2,393.90","2,393.90","5,01,376","1,20,02,44,006.40","1","-","-"
"RELIANCE","EQ","28-Nov-2023","2,393.90","2,393.90","2,399.70","2,375.25","2,395.15","2,394.40","2,383.04","68,96,087","16,43,36,74,720.45","2,21,537","48,84,834","70.83"